,,,,,,Branch SW attivi HX,,,,,,
,,Lonati Donna v8 Trever,Lonati Donna v7,Lonati Donna v8,Lonati Doppio v7,Lonati Doppio v9,Lonati Goal v7,Lonati Goal v9,Lonati Sangiacomo v8,Santoni_137,Santoni_136,Santoni_134
Ticket,Da completare,,,,,,,,,,,
,,,,,,,,,,,,
138,,,57839 (7_129_188),57849 (8_218_148),57834 (7_060_181),57824 (9_009_038),57809 (7_062_055),57805 (9_010_064),57810 (8_117_128),63020 (8_137_005),63022 (8_136_004),incluso (8_134_098)
130,,,59810 (7_129_190),59807 (8_218_150),59802 (7_060_182),59801 (9_009_039),59795 (7_062_059),59092 (9_010_077),59668 (8_117_137),63064 (8_137_005),63065 (8_136_004),incluso (8_134_098)
183,,,63380 (7_129_193),63377 (8_218_154),63032 (7_060_187),63031 (9_009_044),63029 (7_062_064),58597 58608 58782 (9_010_073),59429 (8_117_137),63025 (8_137_005),63028 (8_136_004),incluso (8_134_098)
191,,,63396 (7_129_193),63382 (8_218_154),63114 (7_060_187),63055 (9_009_044),63035 (7_062_064),58802 (9_010_074),59589 (8_117_137),63033 (8_137_005),63034 (8_136_004),incluso (8_134_098)
192,x,,63405 (7_129_193),63398 (8_218_154),63120 65682 (7_060_188),63063 65607 (9_009_045),63062 (7_062_064),58861 59408 65143 (9_010_089),59602 (8_117_137),63059 65103 (8_137_006),63060 65104 (8_136_005),incluso (8_134_098)
177,,,63535 (7_129_193),63523 (8_218_154),,,,58948 (9_010_076),59609 (8_117_137),65073 (8_137_006),65078 (8_136_005),
197,,,63536 (7_129_193),63524 (8_218_154),,,,59393 (9_010_077),59678 59746 (8_117_137),65092 (8_137_006),65093 (8_136_005),
207,,,63541 (7_129_193),63525 (8_218_154),,,,59519 (9_010_077),59680 (8_117_137),,,
205,,,63408 (7_129_193),63407 (8_218_154),63121 (7_060_187),63124 (9_009_044),63130 (7_062_064),59644 (9_010_077),59684 (8_117_137),63066 (8_137_005),63069 (8_136_004),incluso (8_134_098)
210,,,63542 (7_129_193),63528 (8_218_154),,,,59661 (9_010_077),59687 (8_117_137),,,
218,,,xxx,xxx,xxx,xxx,xxx,xxx,59881 (8_117_138),xxx,xxx,xxx
215,,,63546 (7_129_193),63531 (8_218_154),,,,60081 60083 (9_010_080),63084 (8_117_142),,,
233,,,60780 (7_129_191),60779 (8_218_151),60782 (7_060_183),60781 (9_009_040),60785 (7_062_059),60783 (9_010_081),60786 (8_117_139),63086 (8_137_005),63087 (8_136_004),incluso (8_134_098)
229,,,63411 (7_129_193),63409 (8_218_154),63122 (7_060_187),63127 (9_009_044),61195 (7_062_059),61149 (9_010_081),61196 (8_117_139),63068 (8_137_005),63071 (8_136_004),incluso (8_134_098)
258,,,63415 (7_129_193),63414 (8_218_154),xxx,xxx,61927 (7_062_060),61917 (9_010_082),63131 (8_117_142),63133 (8_137_005),63135 (8_136_004),incluso (8_134_098)
300,,,,,65682 65690 (7_060_188),,,,,64904 (8_137_006),64987 (8_136_005),
372,,,,,65682 67577 (7_060_189),65607 67600 (9_009_046),65764 xxx (7_062_065),65160 65191 65763 (9_010_090),,65194 xxx (8_137_006),65195 xxx (8_136_005),
378,,,xxx,xxx,xxx,xxx,xxx,xxx,xxx,65324 (8_137_006),65326 (8_136_005),
306,,67714,,,,,,,,,,
